date,year,month_no,month_name,quarter,week_no,day_name,is_weekend,year_month
2025-01-01 00:00:00,2025,1,January,Q1,1,Wednesday,0,2025-01
2025-01-02 00:00:00,2025,1,January,Q1,1,Thursday,0,2025-01
2025-01-03 00:00:00,2025,1,January,Q1,1,Friday,1,2025-01
2025-01-04 00:00:00,2025,1,January,Q1,1,Saturday,1,2025-01
2025-01-05 00:00:00,2025,1,January,Q1,1,Sunday,0,2025-01
2025-01-06 00:00:00,2025,1,January,Q1,2,Monday,0,2025-01
2025-01-07 00:00:00,2025,1,January,Q1,2,Tuesday,0,2025-01
2025-01-08 00:00:00,2025,1,January,Q1,2,Wednesday,0,2025-01
2025-01-09 00:00:00,2025,1,January,Q1,2,Thursday,0,2025-01
2025-01-10 00:00:00,2025,1,January,Q1,2,Friday,1,2025-01
2025-01-11 00:00:00,2025,1,January,Q1,2,Saturday,1,2025-01
2025-01-12 00:00:00,2025,1,January,Q1,2,Sunday,0,2025-01
2025-01-13 00:00:00,2025,1,January,Q1,3,Monday,0,2025-01
2025-01-14 00:00:00,2025,1,January,Q1,3,Tuesday,0,2025-01
2025-01-15 00:00:00,2025,1,January,Q1,3,Wednesday,0,2025-01
2025-01-16 00:00:00,2025,1,January,Q1,3,Thursday,0,2025-01
2025-01-17 00:00:00,2025,1,January,Q1,3,Friday,1,2025-01
2025-01-18 00:00:00,2025,1,January,Q1,3,Saturday,1,2025-01
2025-01-19 00:00:00,2025,1,January,Q1,3,Sunday,0,2025-01
2025-01-20 00:00:00,2025,1,January,Q1,4,Monday,0,2025-01
2025-01-21 00:00:00,2025,1,January,Q1,4,Tuesday,0,2025-01
2025-01-22 00:00:00,2025,1,January,Q1,4,Wednesday,0,2025-01
2025-01-23 00:00:00,2025,1,January,Q1,4,Thursday,0,2025-01
2025-01-24 00:00:00,2025,1,January,Q1,4,Friday,1,2025-01
2025-01-25 00:00:00,2025,1,January,Q1,4,Saturday,1,2025-01
2025-01-26 00:00:00,2025,1,January,Q1,4,Sunday,0,2025-01
2025-01-27 00:00:00,2025,1,January,Q1,5,Monday,0,2025-01
2025-01-28 00:00:00,2025,1,January,Q1,5,Tuesday,0,2025-01
2025-01-29 00:00:00,2025,1,January,Q1,5,Wednesday,0,2025-01
2025-01-30 00:00:00,2025,1,January,Q1,5,Thursday,0,2025-01
2025-01-31 00:00:00,2025,1,January,Q1,5,Friday,1,2025-01
2025-02-01 00:00:00,2025,2,February,Q1,5,Saturday,1,2025-02
2025-02-02 00:00:00,2025,2,February,Q1,5,Sunday,0,2025-02
2025-02-03 00:00:00,2025,2,February,Q1,6,Monday,0,2025-02
2025-02-04 00:00:00,2025,2,February,Q1,6,Tuesday,0,2025-02
2025-02-05 00:00:00,2025,2,February,Q1,6,Wednesday,0,2025-02
2025-02-06 00:00:00,2025,2,February,Q1,6,Thursday,0,2025-02
2025-02-07 00:00:00,2025,2,February,Q1,6,Friday,1,2025-02
2025-02-08 00:00:00,2025,2,February,Q1,6,Saturday,1,2025-02
2025-02-09 00:00:00,2025,2,February,Q1,6,Sunday,0,2025-02
2025-02-10 00:00:00,2025,2,February,Q1,7,Monday,0,2025-02
2025-02-11 00:00:00,2025,2,February,Q1,7,Tuesday,0,2025-02
2025-02-12 00:00:00,2025,2,February,Q1,7,Wednesday,0,2025-02
2025-02-13 00:00:00,2025,2,February,Q1,7,Thursday,0,2025-02
2025-02-14 00:00:00,2025,2,February,Q1,7,Friday,1,2025-02
2025-02-15 00:00:00,2025,2,February,Q1,7,Saturday,1,2025-02
2025-02-16 00:00:00,2025,2,February,Q1,7,Sunday,0,2025-02
2025-02-17 00:00:00,2025,2,February,Q1,8,Monday,0,2025-02
2025-02-18 00:00:00,2025,2,February,Q1,8,Tuesday,0,2025-02
2025-02-19 00:00:00,2025,2,February,Q1,8,Wednesday,0,2025-02
2025-02-20 00:00:00,2025,2,February,Q1,8,Thursday,0,2025-02
2025-02-21 00:00:00,2025,2,February,Q1,8,Friday,1,2025-02
2025-02-22 00:00:00,2025,2,February,Q1,8,Saturday,1,2025-02
2025-02-23 00:00:00,2025,2,February,Q1,8,Sunday,0,2025-02
2025-02-24 00:00:00,2025,2,February,Q1,9,Monday,0,2025-02
2025-02-25 00:00:00,2025,2,February,Q1,9,Tuesday,0,2025-02
2025-02-26 00:00:00,2025,2,February,Q1,9,Wednesday,0,2025-02
2025-02-27 00:00:00,2025,2,February,Q1,9,Thursday,0,2025-02
2025-02-28 00:00:00,2025,2,February,Q1,9,Friday,1,2025-02
2025-03-01 00:00:00,2025,3,March,Q1,9,Saturday,1,2025-03
2025-03-02 00:00:00,2025,3,March,Q1,9,Sunday,0,2025-03
2025-03-03 00:00:00,2025,3,March,Q1,10,Monday,0,2025-03
2025-03-04 00:00:00,2025,3,March,Q1,10,Tuesday,0,2025-03
2025-03-05 00:00:00,2025,3,March,Q1,10,Wednesday,0,2025-03
2025-03-06 00:00:00,2025,3,March,Q1,10,Thursday,0,2025-03
2025-03-07 00:00:00,2025,3,March,Q1,10,Friday,1,2025-03
2025-03-08 00:00:00,2025,3,March,Q1,10,Saturday,1,2025-03
2025-03-09 00:00:00,2025,3,March,Q1,10,Sunday,0,2025-03
2025-03-10 00:00:00,2025,3,March,Q1,11,Monday,0,2025-03
2025-03-11 00:00:00,2025,3,March,Q1,11,Tuesday,0,2025-03
2025-03-12 00:00:00,2025,3,March,Q1,11,Wednesday,0,2025-03
2025-03-13 00:00:00,2025,3,March,Q1,11,Thursday,0,2025-03
2025-03-14 00:00:00,2025,3,March,Q1,11,Friday,1,2025-03
2025-03-15 00:00:00,2025,3,March,Q1,11,Saturday,1,2025-03
2025-03-16 00:00:00,2025,3,March,Q1,11,Sunday,0,2025-03
2025-03-17 00:00:00,2025,3,March,Q1,12,Monday,0,2025-03
2025-03-18 00:00:00,2025,3,March,Q1,12,Tuesday,0,2025-03
2025-03-19 00:00:00,2025,3,March,Q1,12,Wednesday,0,2025-03
2025-03-20 00:00:00,2025,3,March,Q1,12,Thursday,0,2025-03
2025-03-21 00:00:00,2025,3,March,Q1,12,Friday,1,2025-03
2025-03-22 00:00:00,2025,3,March,Q1,12,Saturday,1,2025-03
2025-03-23 00:00:00,2025,3,March,Q1,12,Sunday,0,2025-03
2025-03-24 00:00:00,2025,3,March,Q1,13,Monday,0,2025-03
2025-03-25 00:00:00,2025,3,March,Q1,13,Tuesday,0,2025-03
2025-03-26 00:00:00,2025,3,March,Q1,13,Wednesday,0,2025-03
2025-03-27 00:00:00,2025,3,March,Q1,13,Thursday,0,2025-03
2025-03-28 00:00:00,2025,3,March,Q1,13,Friday,1,2025-03
2025-03-29 00:00:00,2025,3,March,Q1,13,Saturday,1,2025-03
2025-03-30 00:00:00,2025,3,March,Q1,13,Sunday,0,2025-03
2025-03-31 00:00:00,2025,3,March,Q1,14,Monday,0,2025-03
2025-04-01 00:00:00,2025,4,April,Q2,14,Tuesday,0,2025-04
2025-04-02 00:00:00,2025,4,April,Q2,14,Wednesday,0,2025-04
2025-04-03 00:00:00,2025,4,April,Q2,14,Thursday,0,2025-04
2025-04-04 00:00:00,2025,4,April,Q2,14,Friday,1,2025-04
2025-04-05 00:00:00,2025,4,April,Q2,14,Saturday,1,2025-04
2025-04-06 00:00:00,2025,4,April,Q2,14,Sunday,0,2025-04
2025-04-07 00:00:00,2025,4,April,Q2,15,Monday,0,2025-04
2025-04-08 00:00:00,2025,4,April,Q2,15,Tuesday,0,2025-04
2025-04-09 00:00:00,2025,4,April,Q2,15,Wednesday,0,2025-04
2025-04-10 00:00:00,2025,4,April,Q2,15,Thursday,0,2025-04
2025-04-11 00:00:00,2025,4,April,Q2,15,Friday,1,2025-04
2025-04-12 00:00:00,2025,4,April,Q2,15,Saturday,1,2025-04
2025-04-13 00:00:00,2025,4,April,Q2,15,Sunday,0,2025-04
2025-04-14 00:00:00,2025,4,April,Q2,16,Monday,0,2025-04
2025-04-15 00:00:00,2025,4,April,Q2,16,Tuesday,0,2025-04
2025-04-16 00:00:00,2025,4,April,Q2,16,Wednesday,0,2025-04
2025-04-17 00:00:00,2025,4,April,Q2,16,Thursday,0,2025-04
2025-04-18 00:00:00,2025,4,April,Q2,16,Friday,1,2025-04
2025-04-19 00:00:00,2025,4,April,Q2,16,Saturday,1,2025-04
2025-04-20 00:00:00,2025,4,April,Q2,16,Sunday,0,2025-04
2025-04-21 00:00:00,2025,4,April,Q2,17,Monday,0,2025-04
2025-04-22 00:00:00,2025,4,April,Q2,17,Tuesday,0,2025-04
2025-04-23 00:00:00,2025,4,April,Q2,17,Wednesday,0,2025-04
2025-04-24 00:00:00,2025,4,April,Q2,17,Thursday,0,2025-04
2025-04-25 00:00:00,2025,4,April,Q2,17,Friday,1,2025-04
2025-04-26 00:00:00,2025,4,April,Q2,17,Saturday,1,2025-04
2025-04-27 00:00:00,2025,4,April,Q2,17,Sunday,0,2025-04
2025-04-28 00:00:00,2025,4,April,Q2,18,Monday,0,2025-04
2025-04-29 00:00:00,2025,4,April,Q2,18,Tuesday,0,2025-04
2025-04-30 00:00:00,2025,4,April,Q2,18,Wednesday,0,2025-04
2025-05-01 00:00:00,2025,5,May,Q2,18,Thursday,0,2025-05
2025-05-02 00:00:00,2025,5,May,Q2,18,Friday,1,2025-05
2025-05-03 00:00:00,2025,5,May,Q2,18,Saturday,1,2025-05
2025-05-04 00:00:00,2025,5,May,Q2,18,Sunday,0,2025-05
2025-05-05 00:00:00,2025,5,May,Q2,19,Monday,0,2025-05
2025-05-06 00:00:00,2025,5,May,Q2,19,Tuesday,0,2025-05
2025-05-07 00:00:00,2025,5,May,Q2,19,Wednesday,0,2025-05
2025-05-08 00:00:00,2025,5,May,Q2,19,Thursday,0,2025-05
2025-05-09 00:00:00,2025,5,May,Q2,19,Friday,1,2025-05
2025-05-10 00:00:00,2025,5,May,Q2,19,Saturday,1,2025-05
2025-05-11 00:00:00,2025,5,May,Q2,19,Sunday,0,2025-05
2025-05-12 00:00:00,2025,5,May,Q2,20,Monday,0,2025-05
2025-05-13 00:00:00,2025,5,May,Q2,20,Tuesday,0,2025-05
2025-05-14 00:00:00,2025,5,May,Q2,20,Wednesday,0,2025-05
2025-05-15 00:00:00,2025,5,May,Q2,20,Thursday,0,2025-05
2025-05-16 00:00:00,2025,5,May,Q2,20,Friday,1,2025-05
2025-05-17 00:00:00,2025,5,May,Q2,20,Saturday,1,2025-05
2025-05-18 00:00:00,2025,5,May,Q2,20,Sunday,0,2025-05
2025-05-19 00:00:00,2025,5,May,Q2,21,Monday,0,2025-05
2025-05-20 00:00:00,2025,5,May,Q2,21,Tuesday,0,2025-05
2025-05-21 00:00:00,2025,5,May,Q2,21,Wednesday,0,2025-05
2025-05-22 00:00:00,2025,5,May,Q2,21,Thursday,0,2025-05
2025-05-23 00:00:00,2025,5,May,Q2,21,Friday,1,2025-05
2025-05-24 00:00:00,2025,5,May,Q2,21,Saturday,1,2025-05
2025-05-25 00:00:00,2025,5,May,Q2,21,Sunday,0,2025-05
2025-05-26 00:00:00,2025,5,May,Q2,22,Monday,0,2025-05
2025-05-27 00:00:00,2025,5,May,Q2,22,Tuesday,0,2025-05
2025-05-28 00:00:00,2025,5,May,Q2,22,Wednesday,0,2025-05
2025-05-29 00:00:00,2025,5,May,Q2,22,Thursday,0,2025-05
2025-05-30 00:00:00,2025,5,May,Q2,22,Friday,1,2025-05
2025-05-31 00:00:00,2025,5,May,Q2,22,Saturday,1,2025-05
2025-06-01 00:00:00,2025,6,June,Q2,22,Sunday,0,2025-06
2025-06-02 00:00:00,2025,6,June,Q2,23,Monday,0,2025-06
2025-06-03 00:00:00,2025,6,June,Q2,23,Tuesday,0,2025-06
2025-06-04 00:00:00,2025,6,June,Q2,23,Wednesday,0,2025-06
2025-06-05 00:00:00,2025,6,June,Q2,23,Thursday,0,2025-06
2025-06-06 00:00:00,2025,6,June,Q2,23,Friday,1,2025-06
2025-06-07 00:00:00,2025,6,June,Q2,23,Saturday,1,2025-06
2025-06-08 00:00:00,2025,6,June,Q2,23,Sunday,0,2025-06
2025-06-09 00:00:00,2025,6,June,Q2,24,Monday,0,2025-06
2025-06-10 00:00:00,2025,6,June,Q2,24,Tuesday,0,2025-06
2025-06-11 00:00:00,2025,6,June,Q2,24,Wednesday,0,2025-06
2025-06-12 00:00:00,2025,6,June,Q2,24,Thursday,0,2025-06
2025-06-13 00:00:00,2025,6,June,Q2,24,Friday,1,2025-06
2025-06-14 00:00:00,2025,6,June,Q2,24,Saturday,1,2025-06
2025-06-15 00:00:00,2025,6,June,Q2,24,Sunday,0,2025-06
2025-06-16 00:00:00,2025,6,June,Q2,25,Monday,0,2025-06
2025-06-17 00:00:00,2025,6,June,Q2,25,Tuesday,0,2025-06
2025-06-18 00:00:00,2025,6,June,Q2,25,Wednesday,0,2025-06
2025-06-19 00:00:00,2025,6,June,Q2,25,Thursday,0,2025-06
2025-06-20 00:00:00,2025,6,June,Q2,25,Friday,1,2025-06
2025-06-21 00:00:00,2025,6,June,Q2,25,Saturday,1,2025-06
2025-06-22 00:00:00,2025,6,June,Q2,25,Sunday,0,2025-06
2025-06-23 00:00:00,2025,6,June,Q2,26,Monday,0,2025-06
2025-06-24 00:00:00,2025,6,June,Q2,26,Tuesday,0,2025-06
2025-06-25 00:00:00,2025,6,June,Q2,26,Wednesday,0,2025-06
2025-06-26 00:00:00,2025,6,June,Q2,26,Thursday,0,2025-06
2025-06-27 00:00:00,2025,6,June,Q2,26,Friday,1,2025-06
2025-06-28 00:00:00,2025,6,June,Q2,26,Saturday,1,2025-06
2025-06-29 00:00:00,2025,6,June,Q2,26,Sunday,0,2025-06
2025-06-30 00:00:00,2025,6,June,Q2,27,Monday,0,2025-06
2025-07-01 00:00:00,2025,7,July,Q3,27,Tuesday,0,2025-07
2025-07-02 00:00:00,2025,7,July,Q3,27,Wednesday,0,2025-07
2025-07-03 00:00:00,2025,7,July,Q3,27,Thursday,0,2025-07
2025-07-04 00:00:00,2025,7,July,Q3,27,Friday,1,2025-07
2025-07-05 00:00:00,2025,7,July,Q3,27,Saturday,1,2025-07
2025-07-06 00:00:00,2025,7,July,Q3,27,Sunday,0,2025-07
2025-07-07 00:00:00,2025,7,July,Q3,28,Monday,0,2025-07
2025-07-08 00:00:00,2025,7,July,Q3,28,Tuesday,0,2025-07
2025-07-09 00:00:00,2025,7,July,Q3,28,Wednesday,0,2025-07
2025-07-10 00:00:00,2025,7,July,Q3,28,Thursday,0,2025-07
2025-07-11 00:00:00,2025,7,July,Q3,28,Friday,1,2025-07
2025-07-12 00:00:00,2025,7,July,Q3,28,Saturday,1,2025-07
2025-07-13 00:00:00,2025,7,July,Q3,28,Sunday,0,2025-07
2025-07-14 00:00:00,2025,7,July,Q3,29,Monday,0,2025-07
2025-07-15 00:00:00,2025,7,July,Q3,29,Tuesday,0,2025-07
2025-07-16 00:00:00,2025,7,July,Q3,29,Wednesday,0,2025-07
2025-07-17 00:00:00,2025,7,July,Q3,29,Thursday,0,2025-07
2025-07-18 00:00:00,2025,7,July,Q3,29,Friday,1,2025-07
2025-07-19 00:00:00,2025,7,July,Q3,29,Saturday,1,2025-07
2025-07-20 00:00:00,2025,7,July,Q3,29,Sunday,0,2025-07
2025-07-21 00:00:00,2025,7,July,Q3,30,Monday,0,2025-07
2025-07-22 00:00:00,2025,7,July,Q3,30,Tuesday,0,2025-07
2025-07-23 00:00:00,2025,7,July,Q3,30,Wednesday,0,2025-07
2025-07-24 00:00:00,2025,7,July,Q3,30,Thursday,0,2025-07
2025-07-25 00:00:00,2025,7,July,Q3,30,Friday,1,2025-07
2025-07-26 00:00:00,2025,7,July,Q3,30,Saturday,1,2025-07
2025-07-27 00:00:00,2025,7,July,Q3,30,Sunday,0,2025-07
2025-07-28 00:00:00,2025,7,July,Q3,31,Monday,0,2025-07
2025-07-29 00:00:00,2025,7,July,Q3,31,Tuesday,0,2025-07
2025-07-30 00:00:00,2025,7,July,Q3,31,Wednesday,0,2025-07
2025-07-31 00:00:00,2025,7,July,Q3,31,Thursday,0,2025-07
2025-08-01 00:00:00,2025,8,August,Q3,31,Friday,1,2025-08
2025-08-02 00:00:00,2025,8,August,Q3,31,Saturday,1,2025-08
2025-08-03 00:00:00,2025,8,August,Q3,31,Sunday,0,2025-08
2025-08-04 00:00:00,2025,8,August,Q3,32,Monday,0,2025-08
2025-08-05 00:00:00,2025,8,August,Q3,32,Tuesday,0,2025-08
2025-08-06 00:00:00,2025,8,August,Q3,32,Wednesday,0,2025-08
2025-08-07 00:00:00,2025,8,August,Q3,32,Thursday,0,2025-08
2025-08-08 00:00:00,2025,8,August,Q3,32,Friday,1,2025-08
2025-08-09 00:00:00,2025,8,August,Q3,32,Saturday,1,2025-08
2025-08-10 00:00:00,2025,8,August,Q3,32,Sunday,0,2025-08
2025-08-11 00:00:00,2025,8,August,Q3,33,Monday,0,2025-08
2025-08-12 00:00:00,2025,8,August,Q3,33,Tuesday,0,2025-08
2025-08-13 00:00:00,2025,8,August,Q3,33,Wednesday,0,2025-08
2025-08-14 00:00:00,2025,8,August,Q3,33,Thursday,0,2025-08
2025-08-15 00:00:00,2025,8,August,Q3,33,Friday,1,2025-08
2025-08-16 00:00:00,2025,8,August,Q3,33,Saturday,1,2025-08
2025-08-17 00:00:00,2025,8,August,Q3,33,Sunday,0,2025-08
2025-08-18 00:00:00,2025,8,August,Q3,34,Monday,0,2025-08
2025-08-19 00:00:00,2025,8,August,Q3,34,Tuesday,0,2025-08
2025-08-20 00:00:00,2025,8,August,Q3,34,Wednesday,0,2025-08
2025-08-21 00:00:00,2025,8,August,Q3,34,Thursday,0,2025-08
2025-08-22 00:00:00,2025,8,August,Q3,34,Friday,1,2025-08
2025-08-23 00:00:00,2025,8,August,Q3,34,Saturday,1,2025-08
2025-08-24 00:00:00,2025,8,August,Q3,34,Sunday,0,2025-08
2025-08-25 00:00:00,2025,8,August,Q3,35,Monday,0,2025-08
2025-08-26 00:00:00,2025,8,August,Q3,35,Tuesday,0,2025-08
2025-08-27 00:00:00,2025,8,August,Q3,35,Wednesday,0,2025-08
2025-08-28 00:00:00,2025,8,August,Q3,35,Thursday,0,2025-08
2025-08-29 00:00:00,2025,8,August,Q3,35,Friday,1,2025-08
2025-08-30 00:00:00,2025,8,August,Q3,35,Saturday,1,2025-08
2025-08-31 00:00:00,2025,8,August,Q3,35,Sunday,0,2025-08
2025-09-01 00:00:00,2025,9,September,Q3,36,Monday,0,2025-09
2025-09-02 00:00:00,2025,9,September,Q3,36,Tuesday,0,2025-09
2025-09-03 00:00:00,2025,9,September,Q3,36,Wednesday,0,2025-09
2025-09-04 00:00:00,2025,9,September,Q3,36,Thursday,0,2025-09
2025-09-05 00:00:00,2025,9,September,Q3,36,Friday,1,2025-09
2025-09-06 00:00:00,2025,9,September,Q3,36,Saturday,1,2025-09
2025-09-07 00:00:00,2025,9,September,Q3,36,Sunday,0,2025-09
2025-09-08 00:00:00,2025,9,September,Q3,37,Monday,0,2025-09
2025-09-09 00:00:00,2025,9,September,Q3,37,Tuesday,0,2025-09
2025-09-10 00:00:00,2025,9,September,Q3,37,Wednesday,0,2025-09
2025-09-11 00:00:00,2025,9,September,Q3,37,Thursday,0,2025-09
2025-09-12 00:00:00,2025,9,September,Q3,37,Friday,1,2025-09
2025-09-13 00:00:00,2025,9,September,Q3,37,Saturday,1,2025-09
2025-09-14 00:00:00,2025,9,September,Q3,37,Sunday,0,2025-09
2025-09-15 00:00:00,2025,9,September,Q3,38,Monday,0,2025-09
2025-09-16 00:00:00,2025,9,September,Q3,38,Tuesday,0,2025-09
2025-09-17 00:00:00,2025,9,September,Q3,38,Wednesday,0,2025-09
2025-09-18 00:00:00,2025,9,September,Q3,38,Thursday,0,2025-09
2025-09-19 00:00:00,2025,9,September,Q3,38,Friday,1,2025-09
2025-09-20 00:00:00,2025,9,September,Q3,38,Saturday,1,2025-09
2025-09-21 00:00:00,2025,9,September,Q3,38,Sunday,0,2025-09
2025-09-22 00:00:00,2025,9,September,Q3,39,Monday,0,2025-09
2025-09-23 00:00:00,2025,9,September,Q3,39,Tuesday,0,2025-09
2025-09-24 00:00:00,2025,9,September,Q3,39,Wednesday,0,2025-09
2025-09-25 00:00:00,2025,9,September,Q3,39,Thursday,0,2025-09
2025-09-26 00:00:00,2025,9,September,Q3,39,Friday,1,2025-09
2025-09-27 00:00:00,2025,9,September,Q3,39,Saturday,1,2025-09
2025-09-28 00:00:00,2025,9,September,Q3,39,Sunday,0,2025-09
2025-09-29 00:00:00,2025,9,September,Q3,40,Monday,0,2025-09
2025-09-30 00:00:00,2025,9,September,Q3,40,Tuesday,0,2025-09
2025-10-01 00:00:00,2025,10,October,Q4,40,Wednesday,0,2025-10
2025-10-02 00:00:00,2025,10,October,Q4,40,Thursday,0,2025-10
2025-10-03 00:00:00,2025,10,October,Q4,40,Friday,1,2025-10
2025-10-04 00:00:00,2025,10,October,Q4,40,Saturday,1,2025-10
2025-10-05 00:00:00,2025,10,October,Q4,40,Sunday,0,2025-10
2025-10-06 00:00:00,2025,10,October,Q4,41,Monday,0,2025-10
2025-10-07 00:00:00,2025,10,October,Q4,41,Tuesday,0,2025-10
2025-10-08 00:00:00,2025,10,October,Q4,41,Wednesday,0,2025-10
2025-10-09 00:00:00,2025,10,October,Q4,41,Thursday,0,2025-10
2025-10-10 00:00:00,2025,10,October,Q4,41,Friday,1,2025-10
2025-10-11 00:00:00,2025,10,October,Q4,41,Saturday,1,2025-10
2025-10-12 00:00:00,2025,10,October,Q4,41,Sunday,0,2025-10
2025-10-13 00:00:00,2025,10,October,Q4,42,Monday,0,2025-10
2025-10-14 00:00:00,2025,10,October,Q4,42,Tuesday,0,2025-10
2025-10-15 00:00:00,2025,10,October,Q4,42,Wednesday,0,2025-10
2025-10-16 00:00:00,2025,10,October,Q4,42,Thursday,0,2025-10
2025-10-17 00:00:00,2025,10,October,Q4,42,Friday,1,2025-10
2025-10-18 00:00:00,2025,10,October,Q4,42,Saturday,1,2025-10
2025-10-19 00:00:00,2025,10,October,Q4,42,Sunday,0,2025-10
2025-10-20 00:00:00,2025,10,October,Q4,43,Monday,0,2025-10
2025-10-21 00:00:00,2025,10,October,Q4,43,Tuesday,0,2025-10
2025-10-22 00:00:00,2025,10,October,Q4,43,Wednesday,0,2025-10
2025-10-23 00:00:00,2025,10,October,Q4,43,Thursday,0,2025-10
2025-10-24 00:00:00,2025,10,October,Q4,43,Friday,1,2025-10
2025-10-25 00:00:00,2025,10,October,Q4,43,Saturday,1,2025-10
2025-10-26 00:00:00,2025,10,October,Q4,43,Sunday,0,2025-10
2025-10-27 00:00:00,2025,10,October,Q4,44,Monday,0,2025-10
2025-10-28 00:00:00,2025,10,October,Q4,44,Tuesday,0,2025-10
2025-10-29 00:00:00,2025,10,October,Q4,44,Wednesday,0,2025-10
2025-10-30 00:00:00,2025,10,October,Q4,44,Thursday,0,2025-10
2025-10-31 00:00:00,2025,10,October,Q4,44,Friday,1,2025-10
2025-11-01 00:00:00,2025,11,November,Q4,44,Saturday,1,2025-11
2025-11-02 00:00:00,2025,11,November,Q4,44,Sunday,0,2025-11
2025-11-03 00:00:00,2025,11,November,Q4,45,Monday,0,2025-11
2025-11-04 00:00:00,2025,11,November,Q4,45,Tuesday,0,2025-11
2025-11-05 00:00:00,2025,11,November,Q4,45,Wednesday,0,2025-11
2025-11-06 00:00:00,2025,11,November,Q4,45,Thursday,0,2025-11
2025-11-07 00:00:00,2025,11,November,Q4,45,Friday,1,2025-11
2025-11-08 00:00:00,2025,11,November,Q4,45,Saturday,1,2025-11
2025-11-09 00:00:00,2025,11,November,Q4,45,Sunday,0,2025-11
2025-11-10 00:00:00,2025,11,November,Q4,46,Monday,0,2025-11
2025-11-11 00:00:00,2025,11,November,Q4,46,Tuesday,0,2025-11
2025-11-12 00:00:00,2025,11,November,Q4,46,Wednesday,0,2025-11
2025-11-13 00:00:00,2025,11,November,Q4,46,Thursday,0,2025-11
2025-11-14 00:00:00,2025,11,November,Q4,46,Friday,1,2025-11
2025-11-15 00:00:00,2025,11,November,Q4,46,Saturday,1,2025-11
2025-11-16 00:00:00,2025,11,November,Q4,46,Sunday,0,2025-11
2025-11-17 00:00:00,2025,11,November,Q4,47,Monday,0,2025-11
2025-11-18 00:00:00,2025,11,November,Q4,47,Tuesday,0,2025-11
2025-11-19 00:00:00,2025,11,November,Q4,47,Wednesday,0,2025-11
2025-11-20 00:00:00,2025,11,November,Q4,47,Thursday,0,2025-11
2025-11-21 00:00:00,2025,11,November,Q4,47,Friday,1,2025-11
2025-11-22 00:00:00,2025,11,November,Q4,47,Saturday,1,2025-11
2025-11-23 00:00:00,2025,11,November,Q4,47,Sunday,0,2025-11
2025-11-24 00:00:00,2025,11,November,Q4,48,Monday,0,2025-11
2025-11-25 00:00:00,2025,11,November,Q4,48,Tuesday,0,2025-11
2025-11-26 00:00:00,2025,11,November,Q4,48,Wednesday,0,2025-11
2025-11-27 00:00:00,2025,11,November,Q4,48,Thursday,0,2025-11
2025-11-28 00:00:00,2025,11,November,Q4,48,Friday,1,2025-11
2025-11-29 00:00:00,2025,11,November,Q4,48,Saturday,1,2025-11
2025-11-30 00:00:00,2025,11,November,Q4,48,Sunday,0,2025-11
2025-12-01 00:00:00,2025,12,December,Q4,49,Monday,0,2025-12
2025-12-02 00:00:00,2025,12,December,Q4,49,Tuesday,0,2025-12
2025-12-03 00:00:00,2025,12,December,Q4,49,Wednesday,0,2025-12
2025-12-04 00:00:00,2025,12,December,Q4,49,Thursday,0,2025-12
2025-12-05 00:00:00,2025,12,December,Q4,49,Friday,1,2025-12
2025-12-06 00:00:00,2025,12,December,Q4,49,Saturday,1,2025-12
2025-12-07 00:00:00,2025,12,December,Q4,49,Sunday,0,2025-12
2025-12-08 00:00:00,2025,12,December,Q4,50,Monday,0,2025-12
2025-12-09 00:00:00,2025,12,December,Q4,50,Tuesday,0,2025-12
2025-12-10 00:00:00,2025,12,December,Q4,50,Wednesday,0,2025-12
2025-12-11 00:00:00,2025,12,December,Q4,50,Thursday,0,2025-12
2025-12-12 00:00:00,2025,12,December,Q4,50,Friday,1,2025-12
2025-12-13 00:00:00,2025,12,December,Q4,50,Saturday,1,2025-12
2025-12-14 00:00:00,2025,12,December,Q4,50,Sunday,0,2025-12
2025-12-15 00:00:00,2025,12,December,Q4,51,Monday,0,2025-12
2025-12-16 00:00:00,2025,12,December,Q4,51,Tuesday,0,2025-12
2025-12-17 00:00:00,2025,12,December,Q4,51,Wednesday,0,2025-12
2025-12-18 00:00:00,2025,12,December,Q4,51,Thursday,0,2025-12
2025-12-19 00:00:00,2025,12,December,Q4,51,Friday,1,2025-12
2025-12-20 00:00:00,2025,12,December,Q4,51,Saturday,1,2025-12
2025-12-21 00:00:00,2025,12,December,Q4,51,Sunday,0,2025-12
2025-12-22 00:00:00,2025,12,December,Q4,52,Monday,0,2025-12
2025-12-23 00:00:00,2025,12,December,Q4,52,Tuesday,0,2025-12
2025-12-24 00:00:00,2025,12,December,Q4,52,Wednesday,0,2025-12
2025-12-25 00:00:00,2025,12,December,Q4,52,Thursday,0,2025-12
2025-12-26 00:00:00,2025,12,December,Q4,52,Friday,1,2025-12
2025-12-27 00:00:00,2025,12,December,Q4,52,Saturday,1,2025-12
2025-12-28 00:00:00,2025,12,December,Q4,52,Sunday,0,2025-12
2025-12-29 00:00:00,2025,12,December,Q4,1,Monday,0,2025-12
2025-12-30 00:00:00,2025,12,December,Q4,1,Tuesday,0,2025-12
2025-12-31 00:00:00,2025,12,December,Q4,1,Wednesday,0,2025-12
