employee_id,store_id,department,role,hire_date,monthly_salary_aed
EMP00001,ST001,Customer Service,Security,2022-12-12 00:00:00,2947.99
EMP00002,ST001,General Merchandise,Cashier,2019-11-17 00:00:00,2473.64
EMP00003,ST001,Administration,Cashier,2023-01-22 00:00:00,3572.03
EMP00004,ST001,Grocery,Sales Associate,2019-10-15 00:00:00,3132.52
EMP00005,ST001,Receiving,Cashier,2023-06-02 00:00:00,3010.29
EMP00006,ST001,Non Food,Housekeeping,2023-01-14 00:00:00,2292.5
EMP00007,ST001,Grocery,Cashier,2023-02-20 00:00:00,2918.34
EMP00008,ST001,Fresh Food,Cashier,2019-05-05 00:00:00,2781.01
EMP00009,ST001,Grocery,Customer Service,2023-07-25 00:00:00,4296.2
EMP00010,ST001,Front End,Cashier,2021-12-29 00:00:00,3349.66
EMP00011,ST001,Customer Service,Assistant Store Manager,2022-12-02 00:00:00,11874.05
EMP00012,ST001,Receiving,Security,2019-11-07 00:00:00,3156.28
EMP00013,ST001,Administration,Cashier,2022-04-02 00:00:00,2503.83
EMP00014,ST001,Front End,Sales Associate,2022-01-16 00:00:00,3776.71
EMP00015,ST001,Fresh Food,Cashier,2020-11-30 00:00:00,3363.23
EMP00016,ST001,Fresh Food,Security,2018-08-22 00:00:00,2233.58
EMP00017,ST001,General Merchandise,Cashier,2024-10-16 00:00:00,2722.74
EMP00018,ST001,Fresh Food,Department Supervisor,2017-08-19 00:00:00,4863.56
EMP00019,ST001,Non Food,Cashier,2024-04-03 00:00:00,2238.81
EMP00020,ST001,Front End,Customer Service,2020-06-05 00:00:00,3998.2
EMP00021,ST001,General Merchandise,Security,2024-08-16 00:00:00,2745.49
EMP00022,ST001,Customer Service,Sales Associate,2019-01-15 00:00:00,3104.25
EMP00023,ST001,Receiving,Cashier,2025-05-01 00:00:00,3412.45
EMP00024,ST001,Receiving,Cashier,2017-08-11 00:00:00,3395.94
EMP00025,ST001,Administration,Cashier,2022-11-18 00:00:00,2422.46
EMP00026,ST001,Customer Service,Sales Associate,2022-04-20 00:00:00,3591.34
EMP00027,ST001,Grocery,Customer Service,2017-05-03 00:00:00,3408.89
EMP00028,ST001,Fresh Food,Sales Associate,2017-04-11 00:00:00,2925.86
EMP00029,ST001,Non Food,Department Supervisor,2017-01-03 00:00:00,5174.1
EMP00030,ST001,Front End,Customer Service,2018-04-24 00:00:00,3155.83
EMP00031,ST001,Receiving,Sales Associate,2019-03-05 00:00:00,2469.38
EMP00032,ST001,Receiving,Sales Associate,2024-06-08 00:00:00,3219.02
EMP00033,ST001,Grocery,Sales Associate,2020-09-01 00:00:00,2498.46
EMP00034,ST001,Administration,Customer Service,2024-05-09 00:00:00,4488.98
EMP00035,ST001,Grocery,Cashier,2024-06-03 00:00:00,3432.24
EMP00036,ST001,Non Food,Receiving Clerk,2020-11-10 00:00:00,2652.43
EMP00037,ST001,Administration,Cashier,2024-10-10 00:00:00,2844.28
EMP00038,ST001,Fresh Food,Inventory Controller,2019-05-20 00:00:00,4728.17
EMP00039,ST001,Grocery,Housekeeping,2019-12-09 00:00:00,2001.03
EMP00040,ST001,Front End,Cashier,2024-01-05 00:00:00,2769.17
EMP00041,ST001,Front End,Cashier,2017-06-09 00:00:00,2578.18
EMP00042,ST001,Receiving,Department Supervisor,2019-03-26 00:00:00,5065.79
EMP00043,ST001,Grocery,Sales Associate,2023-01-04 00:00:00,3039.63
EMP00044,ST001,Administration,Inventory Controller,2023-07-06 00:00:00,4994.39
EMP00045,ST001,General Merchandise,Cashier,2024-05-12 00:00:00,2646.76
EMP00046,ST001,Customer Service,Cashier,2017-03-10 00:00:00,2517.0
EMP00047,ST001,Customer Service,Assistant Store Manager,2018-12-10 00:00:00,9683.83
EMP00048,ST001,Front End,Cashier,2017-02-19 00:00:00,2687.19
EMP00049,ST001,Front End,Cashier,2024-03-05 00:00:00,3187.49
EMP00050,ST001,Customer Service,Sales Associate,2017-06-29 00:00:00,3649.58
EMP00051,ST001,Administration,Receiving Clerk,2021-03-19 00:00:00,2858.7
EMP00052,ST001,Receiving,Cashier,2023-02-21 00:00:00,2538.57
EMP00053,ST001,Front End,Cashier,2025-04-25 00:00:00,2765.68
EMP00054,ST001,Customer Service,Housekeeping,2023-03-27 00:00:00,2667.13
EMP00055,ST001,Receiving,Cashier,2022-05-21 00:00:00,2950.3
EMP00056,ST001,Fresh Food,Cashier,2017-01-17 00:00:00,2746.48
EMP00057,ST001,General Merchandise,Store Supervisor,2025-08-19 00:00:00,8478.73
EMP00058,ST001,Fresh Food,Inventory Controller,2025-09-26 00:00:00,5361.04
EMP00059,ST001,Administration,Cashier,2025-07-09 00:00:00,3508.54
EMP00060,ST001,Administration,Security,2023-04-18 00:00:00,3279.33
EMP00061,ST001,Front End,Housekeeping,2017-09-24 00:00:00,2790.79
EMP00062,ST001,Customer Service,Inventory Controller,2022-09-22 00:00:00,4038.19
EMP00063,ST001,General Merchandise,Sales Associate,2024-02-27 00:00:00,2669.98
EMP00064,ST001,Fresh Food,Sales Associate,2021-08-24 00:00:00,2606.47
EMP00065,ST001,Front End,Receiving Clerk,2025-07-19 00:00:00,3324.3
EMP00066,ST001,Customer Service,Assistant Store Manager,2024-03-27 00:00:00,10082.16
EMP00067,ST001,General Merchandise,Receiving Clerk,2019-05-28 00:00:00,3274.86
EMP00068,ST001,Customer Service,Receiving Clerk,2019-02-12 00:00:00,3946.57
EMP00069,ST001,Fresh Food,Department Supervisor,2024-07-25 00:00:00,4804.82
EMP00070,ST001,Front End,Sales Associate,2019-08-22 00:00:00,2463.29
EMP00071,ST001,Non Food,Housekeeping,2019-12-12 00:00:00,2207.47
EMP00072,ST001,Customer Service,Assistant Store Manager,2025-06-11 00:00:00,8884.58
EMP00073,ST001,General Merchandise,Sales Associate,2018-02-20 00:00:00,3727.78
EMP00074,ST001,Non Food,Department Supervisor,2017-01-02 00:00:00,5497.6
EMP00075,ST001,Grocery,Cashier,2022-11-18 00:00:00,2251.63
EMP00076,ST001,Fresh Food,Cashier,2017-10-12 00:00:00,2792.32
EMP00077,ST001,Customer Service,Department Supervisor,2020-02-17 00:00:00,4909.08
EMP00078,ST001,Fresh Food,Cashier,2018-04-19 00:00:00,2504.33
EMP00079,ST001,Administration,Cashier,2025-03-12 00:00:00,2379.43
EMP00080,ST001,Non Food,Housekeeping,2022-02-21 00:00:00,2365.14
EMP00081,ST001,Customer Service,Sales Associate,2020-01-21 00:00:00,3626.29
EMP00082,ST001,Grocery,Cashier,2022-10-18 00:00:00,2572.15
EMP00083,ST001,Non Food,Housekeeping,2025-03-19 00:00:00,1916.11
EMP00084,ST001,Fresh Food,Sales Associate,2023-08-27 00:00:00,2910.72
EMP00085,ST001,Receiving,Store Supervisor,2021-03-15 00:00:00,7507.23
EMP00086,ST001,Administration,Sales Associate,2022-10-04 00:00:00,2642.73
EMP00087,ST001,Administration,Sales Associate,2020-04-09 00:00:00,3294.88
EMP00088,ST001,Receiving,Receiving Clerk,2018-06-03 00:00:00,3025.34
EMP00089,ST001,General Merchandise,Receiving Clerk,2022-05-27 00:00:00,4010.14
EMP00090,ST001,Non Food,Sales Associate,2018-03-21 00:00:00,3229.4
EMP00091,ST001,Fresh Food,Security,2019-09-29 00:00:00,3162.53
EMP00092,ST001,Receiving,Receiving Clerk,2023-08-17 00:00:00,2698.59
EMP00093,ST001,Customer Service,Customer Service,2022-06-02 00:00:00,4251.56
EMP00094,ST001,Grocery,Cashier,2024-12-15 00:00:00,3339.03
EMP00095,ST001,Non Food,Sales Associate,2025-01-21 00:00:00,3605.62
EMP00096,ST001,Administration,Housekeeping,2017-12-04 00:00:00,2170.01
EMP00097,ST001,Non Food,Customer Service,2017-03-11 00:00:00,3604.14
EMP00098,ST001,Non Food,Sales Associate,2021-03-28 00:00:00,3581.18
EMP00099,ST001,Grocery,Cashier,2018-07-21 00:00:00,2758.61
EMP00100,ST001,Fresh Food,Cashier,2017-03-08 00:00:00,3367.66
EMP00101,ST001,Customer Service,Assistant Store Manager,2024-05-03 00:00:00,9113.86
EMP00102,ST001,Front End,Store Supervisor,2025-06-16 00:00:00,7076.33
EMP00103,ST001,Customer Service,Sales Associate,2019-08-17 00:00:00,3074.9
EMP00104,ST001,General Merchandise,Customer Service,2024-08-01 00:00:00,3621.23
EMP00105,ST001,General Merchandise,Cashier,2022-01-25 00:00:00,3466.96
EMP00106,ST001,Front End,Sales Associate,2017-08-11 00:00:00,2410.74
EMP00107,ST001,Grocery,Sales Associate,2022-03-14 00:00:00,3200.61
EMP00108,ST001,General Merchandise,Cashier,2021-04-08 00:00:00,3164.25
EMP00109,ST001,Fresh Food,Cashier,2018-06-02 00:00:00,2259.43
EMP00110,ST001,Grocery,Cashier,2021-02-02 00:00:00,3458.59
EMP00111,ST001,Non Food,Housekeeping,2019-11-16 00:00:00,2419.36
EMP00112,ST001,Grocery,Cashier,2024-08-22 00:00:00,2809.72
EMP00113,ST001,Fresh Food,Department Supervisor,2017-09-19 00:00:00,4620.24
EMP00114,ST001,Non Food,Security,2019-01-31 00:00:00,3332.52
EMP00115,ST001,Administration,Receiving Clerk,2025-07-11 00:00:00,3791.28
EMP00116,ST001,Receiving,Sales Associate,2018-03-04 00:00:00,2897.18
EMP00117,ST001,Customer Service,Cashier,2020-08-18 00:00:00,2423.24
EMP00118,ST001,Administration,Cashier,2017-07-31 00:00:00,3480.25
EMP00119,ST001,Receiving,Sales Associate,2017-11-26 00:00:00,3551.4
EMP00120,ST001,Fresh Food,Housekeeping,2017-10-26 00:00:00,2701.67
EMP00121,ST001,Grocery,Store Manager,2018-03-25 00:00:00,17140.42
EMP00122,ST001,Administration,Cashier,2024-08-29 00:00:00,3180.24
EMP00123,ST001,Customer Service,Department Supervisor,2022-05-30 00:00:00,6999.56
EMP00124,ST001,Receiving,Sales Associate,2020-08-15 00:00:00,3351.94
EMP00125,ST001,Customer Service,Sales Associate,2017-07-30 00:00:00,3104.04
EMP00126,ST001,Non Food,Cashier,2024-07-30 00:00:00,3274.72
EMP00127,ST001,Customer Service,Sales Associate,2023-07-01 00:00:00,2632.26
EMP00128,ST001,Grocery,Receiving Clerk,2018-01-29 00:00:00,3827.87
EMP00129,ST001,Administration,Department Supervisor,2020-03-21 00:00:00,5872.57
EMP00130,ST001,General Merchandise,Sales Associate,2024-01-14 00:00:00,3735.16
EMP00131,ST001,Receiving,Cashier,2020-04-06 00:00:00,3502.11
EMP00132,ST001,Grocery,Department Supervisor,2022-03-10 00:00:00,6154.43
EMP00133,ST001,Administration,Inventory Controller,2018-07-18 00:00:00,5048.18
EMP00134,ST001,General Merchandise,Cashier,2017-10-29 00:00:00,2546.61
EMP00135,ST001,Non Food,Receiving Clerk,2020-01-20 00:00:00,2732.44
EMP00136,ST001,Fresh Food,Sales Associate,2018-05-03 00:00:00,3066.19
EMP00137,ST001,Fresh Food,Cashier,2017-11-05 00:00:00,3228.0
EMP00138,ST001,Customer Service,Cashier,2020-08-09 00:00:00,3200.97
EMP00139,ST001,Grocery,Department Supervisor,2018-03-05 00:00:00,5453.05
EMP00140,ST001,Front End,Sales Associate,2024-07-09 00:00:00,2266.88
EMP00141,ST001,Fresh Food,Cashier,2019-10-13 00:00:00,2231.92
EMP00142,ST001,Customer Service,Cashier,2021-05-11 00:00:00,3130.29
EMP00143,ST001,General Merchandise,Sales Associate,2019-05-02 00:00:00,3462.42
EMP00144,ST001,Front End,Store Manager,2020-10-06 00:00:00,14849.18
EMP00145,ST001,Non Food,Sales Associate,2020-06-15 00:00:00,2433.97
EMP00146,ST001,Customer Service,Customer Service,2025-04-10 00:00:00,3642.97
EMP00147,ST002,Administration,Sales Associate,2019-03-11 00:00:00,3247.56
EMP00148,ST002,Customer Service,Sales Associate,2024-04-18 00:00:00,2612.11
EMP00149,ST002,Grocery,Sales Associate,2020-04-20 00:00:00,2223.8
EMP00150,ST002,General Merchandise,Sales Associate,2025-05-07 00:00:00,3680.53
EMP00151,ST002,Customer Service,Sales Associate,2017-07-13 00:00:00,2533.93
EMP00152,ST002,Administration,Sales Associate,2021-09-22 00:00:00,3494.89
EMP00153,ST002,Administration,Department Supervisor,2018-05-17 00:00:00,6624.34
EMP00154,ST002,Non Food,Security,2019-05-29 00:00:00,3393.61
EMP00155,ST002,Administration,Department Supervisor,2018-01-05 00:00:00,5901.57
EMP00156,ST002,Administration,Store Supervisor,2018-05-25 00:00:00,7243.26
EMP00157,ST002,General Merchandise,Store Supervisor,2017-10-05 00:00:00,8859.26
EMP00158,ST002,Customer Service,Housekeeping,2020-03-10 00:00:00,2164.9
EMP00159,ST002,Fresh Food,Security,2024-02-23 00:00:00,2673.1
EMP00160,ST002,Front End,Cashier,2018-06-22 00:00:00,2797.94
EMP00161,ST002,General Merchandise,Cashier,2021-04-03 00:00:00,2477.38
EMP00162,ST002,Fresh Food,Sales Associate,2019-01-10 00:00:00,2428.12
EMP00163,ST002,Grocery,Department Supervisor,2022-05-10 00:00:00,6219.03
EMP00164,ST002,Fresh Food,Inventory Controller,2024-02-07 00:00:00,5683.67
EMP00165,ST002,Grocery,Receiving Clerk,2020-03-20 00:00:00,3322.46
EMP00166,ST002,Front End,Housekeeping,2025-10-02 00:00:00,2467.74
EMP00167,ST002,Administration,Cashier,2023-12-30 00:00:00,2483.37
EMP00168,ST002,Grocery,Cashier,2024-12-22 00:00:00,2316.55
EMP00169,ST002,Grocery,Sales Associate,2023-11-30 00:00:00,3190.6
EMP00170,ST002,Non Food,Security,2020-12-26 00:00:00,2201.97
EMP00171,ST002,Front End,Cashier,2025-04-12 00:00:00,3352.54
EMP00172,ST002,Non Food,Sales Associate,2017-03-11 00:00:00,2889.14
EMP00173,ST002,Fresh Food,Cashier,2019-02-09 00:00:00,3112.84
EMP00174,ST002,Non Food,Store Supervisor,2021-01-16 00:00:00,7164.97
EMP00175,ST002,Fresh Food,Store Manager,2017-06-28 00:00:00,15504.43
EMP00176,ST002,Administration,Housekeeping,2023-02-02 00:00:00,2121.73
EMP00177,ST002,General Merchandise,Receiving Clerk,2024-04-05 00:00:00,3761.97
EMP00178,ST002,Grocery,Sales Associate,2020-06-06 00:00:00,2486.39
EMP00179,ST002,Administration,Cashier,2025-07-17 00:00:00,3177.77
EMP00180,ST002,Front End,Receiving Clerk,2019-10-24 00:00:00,3544.48
EMP00181,ST002,Front End,Inventory Controller,2025-04-29 00:00:00,4841.86
EMP00182,ST002,Front End,Receiving Clerk,2021-09-20 00:00:00,3143.89
EMP00183,ST002,Front End,Cashier,2022-05-13 00:00:00,3198.21
EMP00184,ST002,Grocery,Sales Associate,2023-01-17 00:00:00,2404.38
EMP00185,ST002,Receiving,Sales Associate,2024-11-22 00:00:00,3768.08
EMP00186,ST002,Fresh Food,Cashier,2019-01-04 00:00:00,3230.54
EMP00187,ST002,Fresh Food,Cashier,2024-08-26 00:00:00,2473.44
EMP00188,ST002,Non Food,Security,2024-03-27 00:00:00,2524.78
EMP00189,ST002,Non Food,Inventory Controller,2021-01-27 00:00:00,5246.51
EMP00190,ST002,Non Food,Sales Associate,2020-08-10 00:00:00,3141.55
EMP00191,ST002,Fresh Food,Sales Associate,2023-11-25 00:00:00,2639.91
EMP00192,ST002,Customer Service,Sales Associate,2024-12-16 00:00:00,2547.36
EMP00193,ST002,Receiving,Sales Associate,2018-12-20 00:00:00,2508.66
EMP00194,ST002,Fresh Food,Receiving Clerk,2022-11-09 00:00:00,4142.53
EMP00195,ST002,Front End,Sales Associate,2021-04-25 00:00:00,3083.21
EMP00196,ST002,General Merchandise,Sales Associate,2023-02-16 00:00:00,3739.8
EMP00197,ST002,Fresh Food,Cashier,2025-05-13 00:00:00,2583.28
EMP00198,ST002,Administration,Receiving Clerk,2021-02-19 00:00:00,3211.77
EMP00199,ST002,Fresh Food,Cashier,2020-01-15 00:00:00,2369.42
EMP00200,ST002,Front End,Store Supervisor,2019-03-09 00:00:00,8571.64
EMP00201,ST002,Administration,Cashier,2020-02-18 00:00:00,2200.91
EMP00202,ST002,Grocery,Department Supervisor,2024-09-11 00:00:00,5736.59
EMP00203,ST002,Fresh Food,Inventory Controller,2018-06-03 00:00:00,4429.83
EMP00204,ST002,General Merchandise,Cashier,2025-03-28 00:00:00,3396.44
EMP00205,ST002,General Merchandise,Assistant Store Manager,2018-11-20 00:00:00,10063.57
EMP00206,ST002,General Merchandise,Sales Associate,2018-10-08 00:00:00,2594.23
EMP00207,ST002,Customer Service,Assistant Store Manager,2019-07-13 00:00:00,10975.16
EMP00208,ST002,Administration,Receiving Clerk,2017-10-31 00:00:00,2825.88
EMP00209,ST002,Customer Service,Security,2019-07-15 00:00:00,2460.48
EMP00210,ST002,Receiving,Sales Associate,2025-06-03 00:00:00,3060.82
EMP00211,ST002,Front End,Cashier,2018-08-25 00:00:00,2212.88
EMP00212,ST002,Non Food,Sales Associate,2020-03-13 00:00:00,3058.38
EMP00213,ST002,General Merchandise,Cashier,2018-05-03 00:00:00,3510.81
EMP00214,ST002,Receiving,Inventory Controller,2023-02-12 00:00:00,4635.56
EMP00215,ST002,Non Food,Sales Associate,2017-01-25 00:00:00,2706.64
EMP00216,ST002,Customer Service,Housekeeping,2018-06-03 00:00:00,2403.35
EMP00217,ST002,General Merchandise,Cashier,2025-02-22 00:00:00,2322.88
EMP00218,ST002,Grocery,Sales Associate,2017-02-23 00:00:00,2444.0
EMP00219,ST002,General Merchandise,Security,2018-01-14 00:00:00,3248.73
EMP00220,ST002,General Merchandise,Cashier,2018-04-28 00:00:00,3483.32
EMP00221,ST002,Grocery,Sales Associate,2019-10-03 00:00:00,3693.09
EMP00222,ST002,Administration,Department Supervisor,2022-02-01 00:00:00,5184.92
EMP00223,ST002,Receiving,Security,2020-10-09 00:00:00,2347.44
EMP00224,ST002,Receiving,Security,2022-08-30 00:00:00,3373.4
EMP00225,ST002,Administration,Sales Associate,2023-03-30 00:00:00,2305.34
EMP00226,ST002,Customer Service,Sales Associate,2020-09-28 00:00:00,2400.46
EMP00227,ST002,Receiving,Security,2021-10-30 00:00:00,2531.44
EMP00228,ST002,Administration,Inventory Controller,2017-02-12 00:00:00,5467.67
EMP00229,ST002,Non Food,Sales Associate,2018-07-20 00:00:00,3514.42
EMP00230,ST002,Receiving,Inventory Controller,2017-11-16 00:00:00,4546.63
EMP00231,ST002,Front End,Store Supervisor,2019-04-21 00:00:00,7918.57
EMP00232,ST002,General Merchandise,Cashier,2017-10-03 00:00:00,2929.0
EMP00233,ST002,Receiving,Sales Associate,2017-02-25 00:00:00,3756.36
EMP00234,ST002,Receiving,Sales Associate,2018-10-31 00:00:00,3736.15
EMP00235,ST002,Administration,Security,2024-08-06 00:00:00,2274.37
EMP00236,ST002,Administration,Cashier,2019-07-31 00:00:00,3368.43
EMP00237,ST002,Administration,Security,2017-08-01 00:00:00,3218.56
EMP00238,ST002,General Merchandise,Cashier,2018-08-06 00:00:00,2398.48
EMP00239,ST002,General Merchandise,Customer Service,2019-04-13 00:00:00,3220.23
EMP00240,ST002,General Merchandise,Sales Associate,2021-10-10 00:00:00,2321.41
EMP00241,ST002,Grocery,Cashier,2020-07-31 00:00:00,3314.15
EMP00242,ST002,Receiving,Cashier,2025-02-08 00:00:00,3016.88
EMP00243,ST002,Customer Service,Sales Associate,2023-06-13 00:00:00,2501.16
EMP00244,ST002,Receiving,Cashier,2024-06-21 00:00:00,2945.93
EMP00245,ST002,Customer Service,Housekeeping,2022-06-20 00:00:00,2512.06
EMP00246,ST002,Front End,Security,2023-02-19 00:00:00,2704.92
EMP00247,ST002,General Merchandise,Sales Associate,2021-01-19 00:00:00,2960.7
EMP00248,ST002,Administration,Sales Associate,2020-11-07 00:00:00,3728.41
EMP00249,ST002,Front End,Customer Service,2019-09-19 00:00:00,4273.77
EMP00250,ST002,Customer Service,Store Supervisor,2019-04-15 00:00:00,8135.16
EMP00251,ST002,Front End,Inventory Controller,2020-04-09 00:00:00,4594.2
EMP00252,ST002,Administration,Receiving Clerk,2024-11-27 00:00:00,3615.62
EMP00253,ST002,Grocery,Housekeeping,2022-05-11 00:00:00,2577.67
EMP00254,ST002,Front End,Department Supervisor,2024-09-23 00:00:00,5272.93
EMP00255,ST002,Receiving,Sales Associate,2021-03-03 00:00:00,2964.69
EMP00256,ST002,Front End,Customer Service,2018-09-07 00:00:00,3128.73
EMP00257,ST002,Administration,Cashier,2022-10-05 00:00:00,2459.7
EMP00258,ST002,Customer Service,Receiving Clerk,2024-08-14 00:00:00,3485.51
EMP00259,ST002,Receiving,Sales Associate,2017-12-12 00:00:00,3255.65
EMP00260,ST003,Fresh Food,Sales Associate,2021-06-05 00:00:00,3264.33
EMP00261,ST003,Fresh Food,Housekeeping,2019-07-30 00:00:00,2294.23
EMP00262,ST003,Fresh Food,Cashier,2024-06-26 00:00:00,2220.89
EMP00263,ST003,Non Food,Cashier,2025-05-16 00:00:00,2506.71
EMP00264,ST003,General Merchandise,Housekeeping,2020-06-02 00:00:00,2191.43
EMP00265,ST003,Customer Service,Receiving Clerk,2025-01-05 00:00:00,3745.56
EMP00266,ST003,Front End,Sales Associate,2022-02-16 00:00:00,2452.77
EMP00267,ST003,Fresh Food,Sales Associate,2024-06-05 00:00:00,3337.93
EMP00268,ST003,Fresh Food,Sales Associate,2025-07-19 00:00:00,2499.5
EMP00269,ST003,Front End,Housekeeping,2021-06-06 00:00:00,2319.86
EMP00270,ST003,Non Food,Department Supervisor,2021-01-30 00:00:00,6519.6
EMP00271,ST003,Front End,Store Supervisor,2022-11-26 00:00:00,6695.15
EMP00272,ST003,Non Food,Security,2019-04-02 00:00:00,2738.25
EMP00273,ST003,Customer Service,Store Supervisor,2024-03-20 00:00:00,6781.7
EMP00274,ST003,Grocery,Sales Associate,2017-03-16 00:00:00,3459.39
EMP00275,ST003,Customer Service,Cashier,2019-01-21 00:00:00,3403.86
EMP00276,ST003,Non Food,Cashier,2021-07-08 00:00:00,2774.43
EMP00277,ST003,Customer Service,Sales Associate,2018-09-15 00:00:00,3206.61
EMP00278,ST003,Receiving,Customer Service,2019-10-02 00:00:00,4193.75
EMP00279,ST003,Non Food,Customer Service,2018-04-30 00:00:00,4186.61
EMP00280,ST003,Fresh Food,Cashier,2022-02-09 00:00:00,2428.76
EMP00281,ST003,General Merchandise,Sales Associate,2024-06-01 00:00:00,2415.91
EMP00282,ST003,Fresh Food,Cashier,2019-11-10 00:00:00,2930.8
EMP00283,ST003,Grocery,Sales Associate,2023-03-20 00:00:00,2807.46
EMP00284,ST003,Fresh Food,Sales Associate,2018-01-01 00:00:00,3186.22
EMP00285,ST003,General Merchandise,Department Supervisor,2017-10-14 00:00:00,6119.62
EMP00286,ST003,Customer Service,Customer Service,2020-10-25 00:00:00,3106.31
EMP00287,ST003,Administration,Sales Associate,2021-01-14 00:00:00,3511.26
EMP00288,ST003,Administration,Cashier,2018-10-06 00:00:00,3122.38
EMP00289,ST003,Customer Service,Cashier,2021-12-11 00:00:00,2579.25
EMP00290,ST003,Front End,Security,2018-01-13 00:00:00,2523.65
EMP00291,ST003,Fresh Food,Security,2021-10-14 00:00:00,3225.88
EMP00292,ST003,Fresh Food,Cashier,2024-05-20 00:00:00,2854.22
EMP00293,ST003,Customer Service,Inventory Controller,2018-03-19 00:00:00,5854.69
EMP00294,ST003,Administration,Cashier,2024-08-10 00:00:00,2696.19
EMP00295,ST003,General Merchandise,Cashier,2018-11-24 00:00:00,2986.75
EMP00296,ST003,Administration,Housekeeping,2024-08-09 00:00:00,2542.35
EMP00297,ST003,Fresh Food,Housekeeping,2019-12-23 00:00:00,2419.92
EMP00298,ST003,Receiving,Sales Associate,2019-12-29 00:00:00,3665.07
EMP00299,ST003,General Merchandise,Cashier,2017-12-18 00:00:00,2737.82
EMP00300,ST003,Non Food,Cashier,2021-02-13 00:00:00,2838.77
EMP00301,ST003,General Merchandise,Cashier,2023-06-22 00:00:00,3023.88
EMP00302,ST003,Non Food,Housekeeping,2024-04-05 00:00:00,2705.25
EMP00303,ST003,Administration,Store Supervisor,2021-06-18 00:00:00,6216.21
EMP00304,ST003,Grocery,Cashier,2023-08-22 00:00:00,2997.8
EMP00305,ST003,Non Food,Cashier,2023-11-13 00:00:00,2619.85
EMP00306,ST003,Fresh Food,Cashier,2019-03-11 00:00:00,3429.93
EMP00307,ST003,Front End,Department Supervisor,2018-10-10 00:00:00,6679.52
EMP00308,ST003,Grocery,Security,2018-08-04 00:00:00,3016.57
EMP00309,ST003,Non Food,Store Supervisor,2022-02-22 00:00:00,7037.75
EMP00310,ST003,General Merchandise,Store Supervisor,2023-08-13 00:00:00,6778.23
EMP00311,ST003,Customer Service,Cashier,2021-01-31 00:00:00,2858.88
EMP00312,ST003,Receiving,Housekeeping,2022-11-17 00:00:00,2161.2
EMP00313,ST003,Customer Service,Cashier,2024-10-22 00:00:00,2756.87
EMP00314,ST003,Administration,Cashier,2021-04-11 00:00:00,3483.38
EMP00315,ST003,Receiving,Housekeeping,2018-02-01 00:00:00,2761.42
EMP00316,ST003,Grocery,Store Manager,2017-02-25 00:00:00,15606.1
EMP00317,ST003,Administration,Department Supervisor,2023-12-06 00:00:00,5440.23
EMP00318,ST003,Administration,Cashier,2017-10-21 00:00:00,2746.71
EMP00319,ST003,Receiving,Sales Associate,2024-05-25 00:00:00,3642.8
EMP00320,ST003,Grocery,Receiving Clerk,2019-01-26 00:00:00,3913.11
EMP00321,ST003,Fresh Food,Sales Associate,2021-10-20 00:00:00,3648.0
EMP00322,ST003,General Merchandise,Housekeeping,2019-12-29 00:00:00,2707.53
EMP00323,ST003,General Merchandise,Security,2025-06-09 00:00:00,3023.33
EMP00324,ST003,Fresh Food,Sales Associate,2025-02-09 00:00:00,2848.04
EMP00325,ST003,General Merchandise,Department Supervisor,2023-03-16 00:00:00,6003.81
EMP00326,ST003,Customer Service,Sales Associate,2023-02-15 00:00:00,3663.89
EMP00327,ST003,General Merchandise,Cashier,2018-06-08 00:00:00,3060.5
EMP00328,ST003,Receiving,Customer Service,2023-07-20 00:00:00,3191.65
EMP00329,ST003,Administration,Cashier,2018-03-07 00:00:00,3190.4
EMP00330,ST003,Grocery,Security,2019-01-06 00:00:00,3314.19
EMP00331,ST003,Receiving,Housekeeping,2017-08-03 00:00:00,2225.05
EMP00332,ST003,Receiving,Sales Associate,2021-11-25 00:00:00,3440.01
EMP00333,ST003,Administration,Cashier,2023-10-11 00:00:00,2295.33
EMP00334,ST003,Fresh Food,Housekeeping,2021-02-08 00:00:00,2760.77
EMP00335,ST003,Administration,Department Supervisor,2018-10-10 00:00:00,6781.69
EMP00336,ST003,Non Food,Inventory Controller,2024-11-04 00:00:00,5202.76
EMP00337,ST003,Administration,Department Supervisor,2020-07-07 00:00:00,5862.43
EMP00338,ST003,Receiving,Department Supervisor,2022-03-04 00:00:00,5850.89
EMP00339,ST003,Grocery,Customer Service,2022-05-03 00:00:00,3967.72
EMP00340,ST003,Receiving,Cashier,2021-08-24 00:00:00,2803.78
EMP00341,ST003,Grocery,Inventory Controller,2024-11-10 00:00:00,3951.06
EMP00342,ST003,Front End,Cashier,2023-06-12 00:00:00,3464.92
EMP00343,ST003,Customer Service,Cashier,2018-11-25 00:00:00,2968.45
EMP00344,ST003,Fresh Food,Cashier,2018-06-15 00:00:00,2796.05
EMP00345,ST003,Grocery,Department Supervisor,2020-04-12 00:00:00,4963.31
EMP00346,ST003,Fresh Food,Cashier,2021-09-06 00:00:00,2997.44
EMP00347,ST003,Non Food,Housekeeping,2018-10-31 00:00:00,2282.41
EMP00348,ST003,Front End,Sales Associate,2021-04-24 00:00:00,3708.63
EMP00349,ST003,Administration,Cashier,2017-09-25 00:00:00,2331.41
EMP00350,ST003,Receiving,Sales Associate,2021-12-29 00:00:00,3552.97
EMP00351,ST003,Receiving,Sales Associate,2023-09-13 00:00:00,3118.2
EMP00352,ST003,Front End,Inventory Controller,2020-01-15 00:00:00,5741.48
EMP00353,ST003,Fresh Food,Security,2018-01-09 00:00:00,2604.87
EMP00354,ST003,Administration,Sales Associate,2025-01-31 00:00:00,2484.48
EMP00355,ST003,Front End,Department Supervisor,2017-11-01 00:00:00,5142.5
EMP00356,ST003,Receiving,Sales Associate,2019-12-06 00:00:00,3513.3
EMP00357,ST003,Fresh Food,Sales Associate,2023-11-06 00:00:00,3205.7
EMP00358,ST003,Administration,Cashier,2024-08-14 00:00:00,3518.36
EMP00359,ST003,Grocery,Department Supervisor,2020-11-14 00:00:00,5570.54
EMP00360,ST003,Customer Service,Cashier,2021-08-17 00:00:00,3373.53
EMP00361,ST003,Grocery,Sales Associate,2018-10-07 00:00:00,2591.76
EMP00362,ST003,Receiving,Sales Associate,2019-03-07 00:00:00,3667.92
EMP00363,ST003,Administration,Inventory Controller,2025-04-14 00:00:00,5719.94
EMP00364,ST003,Fresh Food,Sales Associate,2025-05-26 00:00:00,3270.57
EMP00365,ST003,Customer Service,Cashier,2024-04-25 00:00:00,3274.28
EMP00366,ST003,Front End,Sales Associate,2019-04-16 00:00:00,2757.53
EMP00367,ST003,Fresh Food,Sales Associate,2022-06-14 00:00:00,3042.92
EMP00368,ST003,Grocery,Cashier,2025-06-15 00:00:00,3133.19
EMP00369,ST003,Non Food,Sales Associate,2020-10-12 00:00:00,2769.01
EMP00370,ST003,Customer Service,Cashier,2022-06-03 00:00:00,2202.58
EMP00371,ST003,Administration,Cashier,2018-04-16 00:00:00,2294.47
EMP00372,ST003,Administration,Sales Associate,2019-12-05 00:00:00,2494.13
EMP00373,ST003,Customer Service,Housekeeping,2017-10-02 00:00:00,1943.03
EMP00374,ST004,Customer Service,Sales Associate,2025-02-14 00:00:00,2642.81
EMP00375,ST004,Customer Service,Customer Service,2023-04-26 00:00:00,4419.7
EMP00376,ST004,Front End,Cashier,2020-08-27 00:00:00,3396.91
EMP00377,ST004,Customer Service,Cashier,2024-02-06 00:00:00,2737.51
EMP00378,ST004,Grocery,Sales Associate,2020-06-25 00:00:00,2892.28
EMP00379,ST004,Fresh Food,Cashier,2017-04-04 00:00:00,3335.4
EMP00380,ST004,General Merchandise,Sales Associate,2024-06-29 00:00:00,2766.49
EMP00381,ST004,Fresh Food,Sales Associate,2025-07-30 00:00:00,2567.99
EMP00382,ST004,Non Food,Housekeeping,2017-01-09 00:00:00,2393.92
EMP00383,ST004,General Merchandise,Cashier,2020-08-07 00:00:00,3138.53
EMP00384,ST004,Non Food,Security,2018-08-23 00:00:00,3213.74
EMP00385,ST004,Non Food,Sales Associate,2019-09-18 00:00:00,3639.7
EMP00386,ST004,Grocery,Sales Associate,2019-02-14 00:00:00,3021.31
EMP00387,ST004,Receiving,Sales Associate,2022-03-17 00:00:00,2548.15
EMP00388,ST004,Front End,Cashier,2025-07-28 00:00:00,3272.17
EMP00389,ST004,Receiving,Inventory Controller,2024-01-18 00:00:00,3931.51
EMP00390,ST004,General Merchandise,Customer Service,2021-11-06 00:00:00,4398.75
EMP00391,ST004,Grocery,Sales Associate,2022-02-02 00:00:00,2888.0
EMP00392,ST004,Administration,Sales Associate,2023-12-06 00:00:00,3367.32
EMP00393,ST004,Fresh Food,Assistant Store Manager,2023-02-01 00:00:00,9325.86
EMP00394,ST004,Customer Service,Department Supervisor,2025-09-15 00:00:00,6230.32
EMP00395,ST004,Fresh Food,Cashier,2021-12-11 00:00:00,3063.77
EMP00396,ST004,Customer Service,Sales Associate,2019-05-27 00:00:00,3488.45
EMP00397,ST004,Receiving,Department Supervisor,2020-05-23 00:00:00,4858.12
EMP00398,ST004,Grocery,Sales Associate,2018-11-20 00:00:00,2354.58
EMP00399,ST004,Customer Service,Cashier,2018-08-31 00:00:00,3303.1
EMP00400,ST004,Fresh Food,Receiving Clerk,2020-02-05 00:00:00,2680.9
EMP00401,ST004,Non Food,Cashier,2024-01-02 00:00:00,3448.85
EMP00402,ST004,Fresh Food,Cashier,2017-08-09 00:00:00,3213.18
EMP00403,ST004,Receiving,Customer Service,2023-06-09 00:00:00,3736.71
EMP00404,ST004,Administration,Housekeeping,2019-03-25 00:00:00,2506.84
EMP00405,ST004,Grocery,Sales Associate,2023-11-07 00:00:00,2319.85
EMP00406,ST004,Front End,Housekeeping,2020-05-12 00:00:00,1814.4
EMP00407,ST004,Front End,Housekeeping,2021-11-04 00:00:00,2780.94
EMP00408,ST004,Grocery,Sales Associate,2020-09-10 00:00:00,2229.15
EMP00409,ST004,Grocery,Store Supervisor,2020-04-09 00:00:00,7753.9
EMP00410,ST004,Front End,Store Manager,2022-03-05 00:00:00,14760.42
EMP00411,ST004,Customer Service,Sales Associate,2022-11-25 00:00:00,2611.86
EMP00412,ST004,Fresh Food,Receiving Clerk,2020-11-11 00:00:00,3149.65
EMP00413,ST004,Receiving,Customer Service,2023-10-18 00:00:00,3074.03
EMP00414,ST004,Receiving,Store Supervisor,2024-09-14 00:00:00,6701.59
EMP00415,ST004,Grocery,Customer Service,2020-02-17 00:00:00,4333.19
EMP00416,ST004,General Merchandise,Store Supervisor,2024-06-14 00:00:00,6344.34
EMP00417,ST004,Non Food,Security,2019-02-21 00:00:00,3325.88
EMP00418,ST004,Non Food,Sales Associate,2024-05-15 00:00:00,3503.4
EMP00419,ST004,Receiving,Cashier,2021-12-19 00:00:00,3065.15
EMP00420,ST004,Customer Service,Sales Associate,2025-02-19 00:00:00,2323.62
EMP00421,ST004,Receiving,Security,2020-12-26 00:00:00,2487.24
EMP00422,ST004,General Merchandise,Customer Service,2021-08-27 00:00:00,3055.27
EMP00423,ST004,Fresh Food,Sales Associate,2019-10-08 00:00:00,3003.96
EMP00424,ST004,Receiving,Sales Associate,2019-12-26 00:00:00,2247.74
EMP00425,ST004,General Merchandise,Security,2017-07-18 00:00:00,2779.3
EMP00426,ST004,Grocery,Department Supervisor,2019-10-17 00:00:00,6556.87
EMP00427,ST004,Administration,Assistant Store Manager,2020-10-18 00:00:00,10338.7
EMP00428,ST005,Receiving,Security,2024-06-17 00:00:00,2286.97
EMP00429,ST005,Front End,Sales Associate,2018-08-01 00:00:00,3734.26
EMP00430,ST005,Front End,Sales Associate,2021-02-02 00:00:00,2446.06
EMP00431,ST005,Customer Service,Sales Associate,2021-03-14 00:00:00,2652.85
EMP00432,ST005,Fresh Food,Security,2018-04-22 00:00:00,3396.5
EMP00433,ST005,Fresh Food,Security,2019-12-24 00:00:00,3269.34
EMP00434,ST005,Administration,Security,2025-01-08 00:00:00,2861.61
EMP00435,ST005,Administration,Sales Associate,2021-01-20 00:00:00,2733.92
EMP00436,ST005,Receiving,Sales Associate,2024-02-25 00:00:00,3301.44
EMP00437,ST005,Administration,Security,2018-10-02 00:00:00,2906.4
EMP00438,ST005,Customer Service,Cashier,2019-03-26 00:00:00,2291.27
EMP00439,ST005,Administration,Cashier,2024-02-07 00:00:00,2855.96
EMP00440,ST005,Administration,Inventory Controller,2021-04-18 00:00:00,5300.77
EMP00441,ST005,Front End,Sales Associate,2017-02-13 00:00:00,3263.35
EMP00442,ST005,Customer Service,Sales Associate,2018-07-03 00:00:00,2708.15
EMP00443,ST005,Grocery,Department Supervisor,2021-04-26 00:00:00,6213.41
EMP00444,ST005,Receiving,Sales Associate,2019-05-15 00:00:00,2677.85
EMP00445,ST005,Fresh Food,Inventory Controller,2022-11-06 00:00:00,5002.91
EMP00446,ST005,Front End,Inventory Controller,2024-09-28 00:00:00,5471.87
EMP00447,ST005,General Merchandise,Cashier,2021-02-07 00:00:00,2869.82
EMP00448,ST005,Non Food,Sales Associate,2017-07-31 00:00:00,3719.42
EMP00449,ST005,General Merchandise,Security,2018-05-27 00:00:00,2212.97
EMP00450,ST005,Receiving,Assistant Store Manager,2023-04-08 00:00:00,11099.27
EMP00451,ST005,Customer Service,Inventory Controller,2021-11-18 00:00:00,3513.67
EMP00452,ST005,Front End,Department Supervisor,2023-03-18 00:00:00,6614.98
EMP00453,ST005,Administration,Customer Service,2021-01-20 00:00:00,2924.84
EMP00454,ST005,Customer Service,Sales Associate,2022-09-02 00:00:00,2218.83
EMP00455,ST005,Grocery,Store Supervisor,2022-11-03 00:00:00,8504.36
EMP00456,ST005,Receiving,Housekeeping,2024-02-13 00:00:00,2187.98
EMP00457,ST005,Front End,Cashier,2017-09-26 00:00:00,3080.97
EMP00458,ST005,General Merchandise,Customer Service,2023-10-06 00:00:00,4450.36
EMP00459,ST005,Fresh Food,Department Supervisor,2025-09-24 00:00:00,5562.33
EMP00460,ST005,Administration,Cashier,2021-07-04 00:00:00,2284.16
EMP00461,ST005,Receiving,Inventory Controller,2020-08-27 00:00:00,4325.24
EMP00462,ST005,Administration,Cashier,2020-10-30 00:00:00,3290.15
EMP00463,ST005,Receiving,Sales Associate,2019-06-17 00:00:00,3625.68
EMP00464,ST005,Front End,Inventory Controller,2023-04-14 00:00:00,3597.24
EMP00465,ST005,Grocery,Customer Service,2020-03-16 00:00:00,4057.32
EMP00466,ST005,General Merchandise,Receiving Clerk,2021-08-06 00:00:00,2721.57
EMP00467,ST005,Grocery,Customer Service,2017-02-10 00:00:00,3532.37
EMP00468,ST005,Front End,Receiving Clerk,2019-01-12 00:00:00,2533.78
EMP00469,ST005,Fresh Food,Sales Associate,2020-04-12 00:00:00,3024.5
EMP00470,ST005,Non Food,Sales Associate,2022-12-15 00:00:00,3099.31
EMP00471,ST005,Customer Service,Cashier,2017-04-08 00:00:00,2766.09
EMP00472,ST005,Receiving,Sales Associate,2020-01-20 00:00:00,2997.77
EMP00473,ST005,Receiving,Department Supervisor,2017-06-27 00:00:00,6831.82
EMP00474,ST005,Receiving,Store Manager,2023-07-03 00:00:00,15133.21
EMP00475,ST005,Fresh Food,Housekeeping,2020-01-28 00:00:00,2570.31
EMP00476,ST005,Grocery,Cashier,2023-08-02 00:00:00,2810.05
EMP00477,ST005,Administration,Department Supervisor,2017-01-19 00:00:00,5038.4
EMP00478,ST005,Customer Service,Customer Service,2021-01-21 00:00:00,2936.14
EMP00479,ST005,Receiving,Housekeeping,2018-06-26 00:00:00,1989.74
EMP00480,ST005,Front End,Receiving Clerk,2018-09-12 00:00:00,3250.3
EMP00481,ST005,Grocery,Security,2020-04-24 00:00:00,3337.7
EMP00482,ST005,Customer Service,Housekeeping,2021-02-08 00:00:00,2517.24
EMP00483,ST005,General Merchandise,Sales Associate,2020-08-31 00:00:00,2377.42
EMP00484,ST005,Front End,Sales Associate,2021-06-05 00:00:00,2479.26
EMP00485,ST005,Customer Service,Cashier,2020-04-06 00:00:00,2533.79
EMP00486,ST005,Receiving,Sales Associate,2018-04-05 00:00:00,2659.63
EMP00487,ST005,Front End,Assistant Store Manager,2022-11-10 00:00:00,8916.99
EMP00488,ST005,Front End,Cashier,2020-04-04 00:00:00,2622.35
EMP00489,ST005,General Merchandise,Cashier,2025-10-01 00:00:00,2665.8
EMP00490,ST005,Front End,Sales Associate,2019-03-21 00:00:00,2475.23
EMP00491,ST005,Non Food,Cashier,2021-11-09 00:00:00,3229.8
EMP00492,ST006,Non Food,Sales Associate,2019-07-20 00:00:00,3020.24
EMP00493,ST006,Front End,Cashier,2019-08-18 00:00:00,3505.87
EMP00494,ST006,Receiving,Store Supervisor,2019-12-06 00:00:00,7648.62
EMP00495,ST006,Administration,Customer Service,2020-02-10 00:00:00,2866.43
EMP00496,ST006,General Merchandise,Receiving Clerk,2024-01-19 00:00:00,3986.17
EMP00497,ST006,Front End,Cashier,2019-05-03 00:00:00,2430.15
EMP00498,ST006,Customer Service,Cashier,2017-01-06 00:00:00,3155.38
EMP00499,ST006,Fresh Food,Store Supervisor,2019-12-14 00:00:00,8712.88
EMP00500,ST006,Customer Service,Housekeeping,2021-08-09 00:00:00,1808.87
EMP00501,ST006,Grocery,Cashier,2022-05-29 00:00:00,2928.46
EMP00502,ST006,Non Food,Sales Associate,2022-04-05 00:00:00,3265.03
EMP00503,ST006,Front End,Sales Associate,2022-05-20 00:00:00,3743.16
EMP00504,ST006,Front End,Cashier,2017-01-01 00:00:00,2255.29
EMP00505,ST006,Non Food,Cashier,2025-06-24 00:00:00,3112.01
EMP00506,ST006,Fresh Food,Cashier,2024-07-16 00:00:00,2223.48
EMP00507,ST006,Non Food,Cashier,2018-10-03 00:00:00,2566.75
EMP00508,ST006,Front End,Store Supervisor,2021-07-09 00:00:00,7753.81
EMP00509,ST006,Receiving,Customer Service,2023-11-23 00:00:00,3469.26
EMP00510,ST006,General Merchandise,Cashier,2022-11-26 00:00:00,3189.04
EMP00511,ST006,Receiving,Store Supervisor,2017-09-25 00:00:00,8285.22
EMP00512,ST006,Front End,Sales Associate,2018-12-23 00:00:00,2501.32
EMP00513,ST006,Administration,Sales Associate,2018-11-11 00:00:00,3266.06
EMP00514,ST006,Non Food,Sales Associate,2020-04-12 00:00:00,2213.69
EMP00515,ST006,General Merchandise,Sales Associate,2023-07-26 00:00:00,3587.58
EMP00516,ST006,Receiving,Sales Associate,2019-12-29 00:00:00,3082.08
EMP00517,ST006,General Merchandise,Sales Associate,2020-04-04 00:00:00,2248.79
EMP00518,ST006,Grocery,Customer Service,2022-03-16 00:00:00,4014.36
EMP00519,ST006,Receiving,Sales Associate,2017-05-04 00:00:00,2884.48
EMP00520,ST006,Fresh Food,Sales Associate,2018-05-27 00:00:00,3338.4
EMP00521,ST006,Administration,Security,2024-03-20 00:00:00,3405.32
EMP00522,ST006,Customer Service,Sales Associate,2019-01-26 00:00:00,3580.13
EMP00523,ST006,Customer Service,Cashier,2019-03-07 00:00:00,3438.55
EMP00524,ST006,Front End,Receiving Clerk,2024-07-03 00:00:00,3758.63
EMP00525,ST006,Administration,Store Supervisor,2019-12-15 00:00:00,8381.27
EMP00526,ST006,Grocery,Cashier,2019-03-28 00:00:00,3494.69
EMP00527,ST006,Non Food,Department Supervisor,2018-08-11 00:00:00,6108.09
EMP00528,ST006,Customer Service,Sales Associate,2024-12-01 00:00:00,3090.77
EMP00529,ST006,Grocery,Cashier,2024-03-02 00:00:00,3438.11
EMP00530,ST006,Front End,Inventory Controller,2025-02-11 00:00:00,4248.21
EMP00531,ST006,Front End,Department Supervisor,2024-03-23 00:00:00,6316.42
EMP00532,ST006,Front End,Cashier,2020-12-24 00:00:00,3076.83
EMP00533,ST006,Grocery,Housekeeping,2024-04-28 00:00:00,2689.07
EMP00534,ST006,Receiving,Store Supervisor,2020-08-01 00:00:00,8208.6
EMP00535,ST006,Grocery,Store Supervisor,2023-06-24 00:00:00,7027.5
EMP00536,ST006,Customer Service,Sales Associate,2018-05-04 00:00:00,2445.78
EMP00537,ST006,Grocery,Sales Associate,2024-10-17 00:00:00,2415.59
EMP00538,ST006,Grocery,Cashier,2025-06-20 00:00:00,3042.79
EMP00539,ST006,Fresh Food,Customer Service,2017-10-15 00:00:00,3828.71
EMP00540,ST006,Fresh Food,Sales Associate,2018-03-29 00:00:00,2838.88
EMP00541,ST006,Non Food,Inventory Controller,2023-04-10 00:00:00,3693.97
EMP00542,ST006,Grocery,Sales Associate,2024-11-11 00:00:00,3744.9
EMP00543,ST006,Grocery,Department Supervisor,2022-02-20 00:00:00,5116.17
EMP00544,ST006,Administration,Security,2025-02-22 00:00:00,3474.01
EMP00545,ST006,Non Food,Customer Service,2024-05-01 00:00:00,4451.14
EMP00546,ST006,Fresh Food,Customer Service,2022-05-02 00:00:00,3902.49
EMP00547,ST006,Administration,Sales Associate,2018-11-28 00:00:00,2934.82
EMP00548,ST007,Front End,Department Supervisor,2020-12-30 00:00:00,6864.15
EMP00549,ST007,Fresh Food,Cashier,2023-06-27 00:00:00,3591.48
EMP00550,ST007,General Merchandise,Security,2017-08-29 00:00:00,3301.26
EMP00551,ST007,Receiving,Security,2018-08-18 00:00:00,2921.02
EMP00552,ST007,General Merchandise,Sales Associate,2022-06-09 00:00:00,3746.19
EMP00553,ST007,Non Food,Store Supervisor,2020-08-19 00:00:00,6479.89
EMP00554,ST007,Administration,Cashier,2020-10-04 00:00:00,2664.97
EMP00555,ST007,Customer Service,Security,2021-09-02 00:00:00,2250.07
EMP00556,ST007,Front End,Sales Associate,2021-02-21 00:00:00,3137.61
EMP00557,ST007,General Merchandise,Cashier,2020-04-30 00:00:00,2707.54
EMP00558,ST007,Fresh Food,Cashier,2020-07-02 00:00:00,3364.25
EMP00559,ST007,General Merchandise,Sales Associate,2025-07-02 00:00:00,3413.17
EMP00560,ST007,Grocery,Sales Associate,2020-02-11 00:00:00,2269.96
EMP00561,ST007,Customer Service,Cashier,2020-01-10 00:00:00,3005.81
EMP00562,ST007,Administration,Cashier,2019-09-21 00:00:00,2849.24
EMP00563,ST007,Receiving,Customer Service,2019-06-15 00:00:00,3964.0
EMP00564,ST007,Front End,Security,2017-09-28 00:00:00,3452.71
EMP00565,ST007,Administration,Sales Associate,2025-05-07 00:00:00,3701.73
EMP00566,ST007,Front End,Sales Associate,2024-07-31 00:00:00,3157.81
EMP00567,ST007,Grocery,Housekeeping,2024-07-03 00:00:00,2293.42
EMP00568,ST007,Non Food,Cashier,2021-04-04 00:00:00,2515.46
EMP00569,ST007,General Merchandise,Cashier,2021-02-22 00:00:00,3400.51
EMP00570,ST007,Customer Service,Receiving Clerk,2022-03-28 00:00:00,2992.52
EMP00571,ST007,Fresh Food,Sales Associate,2019-08-19 00:00:00,2729.08
EMP00572,ST007,Customer Service,Inventory Controller,2021-04-29 00:00:00,5237.05
EMP00573,ST007,Fresh Food,Sales Associate,2022-07-10 00:00:00,3711.48
EMP00574,ST007,Non Food,Sales Associate,2025-01-13 00:00:00,2487.6
EMP00575,ST007,Non Food,Cashier,2023-07-29 00:00:00,3578.33
EMP00576,ST007,Administration,Security,2023-12-14 00:00:00,3366.91
EMP00577,ST007,Administration,Sales Associate,2023-10-11 00:00:00,3240.01
EMP00578,ST007,Receiving,Sales Associate,2017-06-12 00:00:00,3313.47
EMP00579,ST007,General Merchandise,Store Manager,2021-07-27 00:00:00,14928.17
EMP00580,ST007,Customer Service,Sales Associate,2020-03-23 00:00:00,3171.75
EMP00581,ST007,Grocery,Department Supervisor,2021-03-15 00:00:00,5516.65
EMP00582,ST007,Receiving,Security,2021-10-11 00:00:00,2558.16
EMP00583,ST007,Front End,Store Supervisor,2019-04-11 00:00:00,8611.66
EMP00584,ST007,Receiving,Customer Service,2017-06-30 00:00:00,4116.02
EMP00585,ST007,Customer Service,Sales Associate,2018-01-22 00:00:00,2939.33
EMP00586,ST007,Receiving,Sales Associate,2024-02-15 00:00:00,3466.68
EMP00587,ST007,Non Food,Sales Associate,2023-03-20 00:00:00,3032.14
EMP00588,ST007,Administration,Housekeeping,2025-08-24 00:00:00,2117.3
EMP00589,ST007,Customer Service,Cashier,2017-08-18 00:00:00,2630.96
EMP00590,ST007,Fresh Food,Sales Associate,2023-02-08 00:00:00,3607.64
EMP00591,ST007,Fresh Food,Cashier,2024-02-19 00:00:00,2344.22
EMP00592,ST007,Fresh Food,Cashier,2023-10-18 00:00:00,2645.3
EMP00593,ST007,Non Food,Receiving Clerk,2025-02-14 00:00:00,3074.44
EMP00594,ST007,General Merchandise,Sales Associate,2019-10-12 00:00:00,2802.11
EMP00595,ST007,General Merchandise,Customer Service,2023-12-12 00:00:00,4347.22
EMP00596,ST007,Non Food,Cashier,2021-03-25 00:00:00,3323.72
EMP00597,ST007,Grocery,Housekeeping,2021-09-09 00:00:00,2282.48
EMP00598,ST007,Grocery,Security,2024-02-04 00:00:00,2918.05
EMP00599,ST007,Receiving,Cashier,2024-12-20 00:00:00,2677.05
EMP00600,ST007,General Merchandise,Sales Associate,2022-02-15 00:00:00,2455.56
EMP00601,ST007,Front End,Housekeeping,2023-12-14 00:00:00,2041.05
EMP00602,ST007,General Merchandise,Department Supervisor,2025-07-29 00:00:00,4622.32
EMP00603,ST007,Non Food,Cashier,2019-01-20 00:00:00,3571.91
EMP00604,ST007,Administration,Sales Associate,2023-04-20 00:00:00,2968.37
EMP00605,ST007,Customer Service,Sales Associate,2024-05-30 00:00:00,2580.88
EMP00606,ST007,Front End,Cashier,2023-02-09 00:00:00,3224.44
EMP00607,ST007,Administration,Inventory Controller,2022-10-03 00:00:00,4141.79
EMP00608,ST007,Non Food,Sales Associate,2024-11-01 00:00:00,2448.53
EMP00609,ST007,Non Food,Cashier,2021-11-14 00:00:00,3146.83
EMP00610,ST007,Non Food,Department Supervisor,2023-11-03 00:00:00,6612.26
EMP00611,ST007,Customer Service,Department Supervisor,2018-07-09 00:00:00,6683.14
EMP00612,ST007,Fresh Food,Sales Associate,2021-11-01 00:00:00,2432.37
EMP00613,ST008,General Merchandise,Store Supervisor,2019-01-15 00:00:00,8659.51
EMP00614,ST008,Receiving,Cashier,2020-11-20 00:00:00,2842.28
EMP00615,ST008,Non Food,Department Supervisor,2022-11-24 00:00:00,5607.58
EMP00616,ST008,Administration,Store Supervisor,2024-08-09 00:00:00,8088.88
EMP00617,ST008,Fresh Food,Housekeeping,2023-04-05 00:00:00,2590.87
EMP00618,ST008,Customer Service,Sales Associate,2023-09-20 00:00:00,2946.52
EMP00619,ST008,General Merchandise,Cashier,2018-06-28 00:00:00,3373.63
EMP00620,ST008,General Merchandise,Sales Associate,2018-07-31 00:00:00,2897.31
EMP00621,ST008,Front End,Receiving Clerk,2022-12-14 00:00:00,4062.8
EMP00622,ST008,General Merchandise,Cashier,2021-09-19 00:00:00,2522.19
EMP00623,ST008,Non Food,Sales Associate,2017-06-23 00:00:00,3263.27
EMP00624,ST008,Non Food,Housekeeping,2018-01-18 00:00:00,1890.88
EMP00625,ST008,Grocery,Department Supervisor,2025-04-19 00:00:00,5519.19
EMP00626,ST008,Administration,Sales Associate,2025-01-01 00:00:00,2756.37
EMP00627,ST008,Customer Service,Housekeeping,2019-11-12 00:00:00,1863.96
EMP00628,ST008,Customer Service,Customer Service,2024-09-28 00:00:00,3021.22
EMP00629,ST008,Receiving,Sales Associate,2017-09-14 00:00:00,2347.82
EMP00630,ST008,Receiving,Cashier,2017-11-09 00:00:00,3577.89
EMP00631,ST008,Non Food,Cashier,2023-07-08 00:00:00,2850.93
EMP00632,ST008,General Merchandise,Housekeeping,2018-06-17 00:00:00,2096.95
EMP00633,ST008,Receiving,Cashier,2018-06-03 00:00:00,2851.77
EMP00634,ST008,Administration,Customer Service,2019-02-15 00:00:00,3872.56
EMP00635,ST008,Front End,Security,2022-01-15 00:00:00,2890.32
EMP00636,ST008,Front End,Cashier,2019-05-20 00:00:00,2809.41
EMP00637,ST008,Customer Service,Customer Service,2020-03-30 00:00:00,3700.33
EMP00638,ST008,Receiving,Department Supervisor,2018-06-30 00:00:00,5178.83
EMP00639,ST008,Customer Service,Sales Associate,2023-04-17 00:00:00,3318.84
EMP00640,ST008,Customer Service,Security,2021-10-31 00:00:00,2890.74
EMP00641,ST008,General Merchandise,Cashier,2022-11-07 00:00:00,2806.2
EMP00642,ST008,Grocery,Department Supervisor,2020-05-14 00:00:00,6506.56
EMP00643,ST008,General Merchandise,Receiving Clerk,2017-09-28 00:00:00,3906.02
EMP00644,ST008,Grocery,Sales Associate,2017-07-22 00:00:00,3211.07
EMP00645,ST008,Fresh Food,Sales Associate,2023-12-26 00:00:00,3230.97
EMP00646,ST008,Grocery,Customer Service,2024-12-25 00:00:00,3244.18
EMP00647,ST008,General Merchandise,Cashier,2023-08-20 00:00:00,3432.88
EMP00648,ST008,Fresh Food,Department Supervisor,2017-01-23 00:00:00,5218.35
EMP00649,ST008,Administration,Security,2025-04-20 00:00:00,2876.1
EMP00650,ST008,Non Food,Sales Associate,2021-05-13 00:00:00,2495.09
EMP00651,ST008,Fresh Food,Cashier,2024-01-19 00:00:00,2297.41
EMP00652,ST008,Fresh Food,Customer Service,2024-05-06 00:00:00,4181.12
EMP00653,ST008,Front End,Housekeeping,2018-04-27 00:00:00,2756.09
EMP00654,ST008,Fresh Food,Cashier,2017-10-17 00:00:00,2976.42
EMP00655,ST008,Customer Service,Sales Associate,2025-03-11 00:00:00,3500.75
EMP00656,ST008,Front End,Cashier,2021-05-25 00:00:00,3526.09
EMP00657,ST008,Non Food,Store Supervisor,2023-12-29 00:00:00,7695.37
EMP00658,ST008,Receiving,Department Supervisor,2022-07-20 00:00:00,6977.16
EMP00659,ST008,Receiving,Cashier,2021-09-18 00:00:00,3447.74
EMP00660,ST008,Customer Service,Receiving Clerk,2025-02-17 00:00:00,3171.77
EMP00661,ST008,Grocery,Department Supervisor,2023-11-17 00:00:00,5875.28
EMP00662,ST008,Non Food,Sales Associate,2025-04-05 00:00:00,2976.83
EMP00663,ST008,Customer Service,Sales Associate,2020-01-11 00:00:00,3631.89
EMP00664,ST008,General Merchandise,Security,2020-12-16 00:00:00,2582.13
EMP00665,ST008,Receiving,Housekeeping,2018-07-02 00:00:00,2006.25
EMP00666,ST008,General Merchandise,Receiving Clerk,2018-10-22 00:00:00,4012.99
